name,weekend,order,link
참교육,mon,1,https://comic.naver.com/webtoon/list?titleId=758037&weekday=mon
신의 탑,mon,2,https://comic.naver.com/webtoon/list?titleId=183559&weekday=mon
뷰티풀 군바리,mon,3,https://comic.naver.com/webtoon/list?titleId=648419&weekday=mon
윈드브레이커,mon,4,https://comic.naver.com/webtoon/list?titleId=602910&weekday=mon
팔이피플,mon,5,https://comic.naver.com/webtoon/list?titleId=774863&weekday=mon
장씨세가 호위무사,mon,6,https://comic.naver.com/webtoon/list?titleId=728750&weekday=mon
백수세끼,mon,7,https://comic.naver.com/webtoon/list?titleId=733074&weekday=mon
소녀의 세계,mon,8,https://comic.naver.com/webtoon/list?titleId=654774&weekday=mon
파이게임,mon,9,https://comic.naver.com/webtoon/list?titleId=749632&weekday=mon
앵무살수,mon,10,https://comic.naver.com/webtoon/list?titleId=739115&weekday=mon
삼매경,mon,11,https://comic.naver.com/webtoon/list?titleId=769317&weekday=mon
만렙돌파,mon,12,https://comic.naver.com/webtoon/list?titleId=759940&weekday=mon
요리GO,mon,13,https://comic.naver.com/webtoon/list?titleId=703849&weekday=mon
잔불의 기사,mon,14,https://comic.naver.com/webtoon/list?titleId=768536&weekday=mon
유일무이 로맨스,mon,15,https://comic.naver.com/webtoon/list?titleId=709731&weekday=mon
칼가는 소녀,mon,16,https://comic.naver.com/webtoon/list?titleId=730174&weekday=mon
히어로메이커,mon,17,https://comic.naver.com/webtoon/list?titleId=21815&weekday=mon
꼬리잡기,mon,18,https://comic.naver.com/webtoon/list?titleId=758666&weekday=mon
리턴 투 플레이어,mon,19,https://comic.naver.com/webtoon/list?titleId=752414&weekday=mon
물어보는 사이,mon,20,https://comic.naver.com/webtoon/list?titleId=772725&weekday=mon
결혼생활 그림일기,mon,21,https://comic.naver.com/webtoon/list?titleId=741891&weekday=mon
오늘의 순정망화,mon,22,https://comic.naver.com/webtoon/list?titleId=716857&weekday=mon
"아, 쫌 참으세요 영주님!",mon,23,https://comic.naver.com/webtoon/list?titleId=774703&weekday=mon
더블클릭,mon,24,https://comic.naver.com/webtoon/list?titleId=769663&weekday=mon
영앤리치가 아니야!,mon,25,https://comic.naver.com/webtoon/list?titleId=734574&weekday=mon
약초마을 연쇄살초사건,mon,26,https://comic.naver.com/webtoon/list?titleId=776541&weekday=mon
평범한 8반,mon,27,https://comic.naver.com/webtoon/list?titleId=597478&weekday=mon
수영만화일기,mon,28,https://comic.naver.com/webtoon/list?titleId=768534&weekday=mon
아는 여자애,mon,29,https://comic.naver.com/webtoon/list?titleId=738809&weekday=mon
장난감,mon,30,https://comic.naver.com/webtoon/list?titleId=770656&weekday=mon
황제와의 하룻밤,mon,31,https://comic.naver.com/webtoon/list?titleId=758671&weekday=mon
하루의 하루,mon,32,https://comic.naver.com/webtoon/list?titleId=774302&weekday=mon
꿈의 기업,mon,33,https://comic.naver.com/webtoon/list?titleId=687915&weekday=mon
순정말고 순종,mon,34,https://comic.naver.com/webtoon/list?titleId=761461&weekday=mon
최후의 금빛아이,mon,35,https://comic.naver.com/webtoon/list?titleId=772734&weekday=mon
야생천사 보호구역,mon,36,https://comic.naver.com/webtoon/list?titleId=767919&weekday=mon
와이키키 뱀파이어,mon,37,https://comic.naver.com/webtoon/list?titleId=744320&weekday=mon
모스크바의 여명,mon,38,https://comic.naver.com/webtoon/list?titleId=772243&weekday=mon
착한건 돈이된다,mon,39,https://comic.naver.com/webtoon/list?titleId=766575&weekday=mon
사랑의 헌옷수거함,mon,40,https://comic.naver.com/webtoon/list?titleId=758667&weekday=mon
왕따협상,mon,41,https://comic.naver.com/webtoon/list?titleId=752350&weekday=mon
"선배, 그 립스틱 바르지 마요",mon,42,https://comic.naver.com/webtoon/list?titleId=762237&weekday=mon
이중첩자,mon,43,https://comic.naver.com/webtoon/list?titleId=752413&weekday=mon
원하는 건 너 하나,mon,44,https://comic.naver.com/webtoon/list?titleId=752530&weekday=mon
"또다시, 계약 부부",mon,45,https://comic.naver.com/webtoon/list?titleId=774040&weekday=mon
백호랑,mon,46,https://comic.naver.com/webtoon/list?titleId=745654&weekday=mon
마지막 지수,mon,47,https://comic.naver.com/webtoon/list?titleId=765776&weekday=mon
ㅋㄷㅋㄷ만화,mon,48,https://comic.naver.com/webtoon/list?titleId=715206&weekday=mon
라서드,mon,49,https://comic.naver.com/webtoon/list?titleId=756140&weekday=mon
중독연구소,mon,50,https://comic.naver.com/webtoon/list?titleId=740132&weekday=mon
드로잉 레시피,mon,51,https://comic.naver.com/webtoon/list?titleId=750493&weekday=mon
살아간다,mon,52,https://comic.naver.com/webtoon/list?titleId=761553&weekday=mon
이탄국의 자청비,mon,53,https://comic.naver.com/webtoon/list?titleId=759420&weekday=mon
바로 보지 않는,mon,54,https://comic.naver.com/webtoon/list?titleId=764041&weekday=mon
모락모락 왕세자님,mon,55,https://comic.naver.com/webtoon/list?titleId=734918&weekday=mon
그림자 신부,mon,56,https://comic.naver.com/webtoon/list?titleId=767979&weekday=mon
개밥 먹는 남자,mon,57,https://comic.naver.com/webtoon/list?titleId=761463&weekday=mon
사막에 핀 달,mon,58,https://comic.naver.com/webtoon/list?titleId=769801&weekday=mon
보살님이 캐리해!,mon,59,https://comic.naver.com/webtoon/list?titleId=756790&weekday=mon
트리거,mon,60,https://comic.naver.com/webtoon/list?titleId=764480&weekday=mon
오로지 오로라,mon,61,https://comic.naver.com/webtoon/list?titleId=764623&weekday=mon
헬로맨스,mon,62,https://comic.naver.com/webtoon/list?titleId=754872&weekday=mon
기사님을 지켜줘,mon,63,https://comic.naver.com/webtoon/list?titleId=770590&weekday=mon
여신강림,tue,1,https://comic.naver.com/webtoon/list?titleId=703846&weekday=tue
용사가 돌아왔다,tue,2,https://comic.naver.com/webtoon/list?titleId=773459&weekday=tue
엽총소년,tue,3,https://comic.naver.com/webtoon/list?titleId=759925&weekday=tue
한림체육관,tue,4,https://comic.naver.com/webtoon/list?titleId=743139&weekday=tue
하루만 네가 되고 싶어,tue,5,https://comic.naver.com/webtoon/list?titleId=738487&weekday=tue
사신소년,tue,6,https://comic.naver.com/webtoon/list?titleId=730656&weekday=tue
중증외상센터 : 골든 아워,tue,7,https://comic.naver.com/webtoon/list?titleId=738174&weekday=tue
랜덤채팅의 그녀!,tue,8,https://comic.naver.com/webtoon/list?titleId=702608&weekday=tue
신도림,tue,9,https://comic.naver.com/webtoon/list?titleId=683496&weekday=tue
덴큐,tue,10,https://comic.naver.com/webtoon/list?titleId=778963&weekday=tue
니나의 마법서랍,tue,11,https://comic.naver.com/webtoon/list?titleId=772401&weekday=tue
헬58,tue,12,https://comic.naver.com/webtoon/list?titleId=719508&weekday=tue
블랙 위도우,tue,13,https://comic.naver.com/webtoon/list?titleId=775721&weekday=tue
달콤살벌한 부부,tue,14,https://comic.naver.com/webtoon/list?titleId=753856&weekday=tue
호랑이 들어와요,tue,15,https://comic.naver.com/webtoon/list?titleId=757904&weekday=tue
천마는 평범하게 살 수 없다,tue,16,https://comic.naver.com/webtoon/list?titleId=774358&weekday=tue
집이 없어,tue,17,https://comic.naver.com/webtoon/list?titleId=721433&weekday=tue
오피스 누나 이야기,tue,18,https://comic.naver.com/webtoon/list?titleId=755694&weekday=tue
원주민 공포만화,tue,19,https://comic.naver.com/webtoon/list?titleId=698918&weekday=tue
삼국지톡,tue,20,https://comic.naver.com/webtoon/list?titleId=711422&weekday=tue
몬스터,tue,21,https://comic.naver.com/webtoon/list?titleId=771044&weekday=tue
윌유메리미,tue,22,https://comic.naver.com/webtoon/list?titleId=616239&weekday=tue
아이레,tue,23,https://comic.naver.com/webtoon/list?titleId=754875&weekday=tue
위아더좀비,tue,24,https://comic.naver.com/webtoon/list?titleId=766648&weekday=tue
하우스키퍼,tue,25,https://comic.naver.com/webtoon/list?titleId=723046&weekday=tue
이상형은 아닙니다,tue,26,https://comic.naver.com/webtoon/list?titleId=776093&weekday=tue
빌런투킬,tue,27,https://comic.naver.com/webtoon/list?titleId=765156&weekday=tue
오늘의 순정망화,tue,28,https://comic.naver.com/webtoon/list?titleId=716857&weekday=tue
견우와 선녀,tue,29,https://comic.naver.com/webtoon/list?titleId=740034&weekday=tue
기계증식증,tue,30,https://comic.naver.com/webtoon/list?titleId=774504&weekday=tue
"플레이, 플리",tue,31,https://comic.naver.com/webtoon/list?titleId=753853&weekday=tue
용왕님의 셰프가 되었습니다,tue,32,https://comic.naver.com/webtoon/list?titleId=741449&weekday=tue
아이즈,tue,33,https://comic.naver.com/webtoon/list?titleId=767908&weekday=tue
3cm 헌터,tue,34,https://comic.naver.com/webtoon/list?titleId=733458&weekday=tue
제로게임,tue,35,https://comic.naver.com/webtoon/list?titleId=676695&weekday=tue
성인초딩,tue,36,https://comic.naver.com/webtoon/list?titleId=755601&weekday=tue
빅맨,tue,37,https://comic.naver.com/webtoon/list?titleId=753839&weekday=tue
정년이,tue,38,https://comic.naver.com/webtoon/list?titleId=726214&weekday=tue
은주의 방 2~3부,tue,39,https://comic.naver.com/webtoon/list?titleId=654138&weekday=tue
올가미,tue,40,https://comic.naver.com/webtoon/list?titleId=732988&weekday=tue
악인,tue,41,https://comic.naver.com/webtoon/list?titleId=759924&weekday=tue
다꾸남,tue,42,https://comic.naver.com/webtoon/list?titleId=775328&weekday=tue
교환학생,tue,43,https://comic.naver.com/webtoon/list?titleId=778228&weekday=tue
나는 어디에나 있다,tue,44,https://comic.naver.com/webtoon/list?titleId=771063&weekday=tue
연우의 순정,tue,45,https://comic.naver.com/webtoon/list?titleId=752532&weekday=tue
나타나주세요!,tue,46,https://comic.naver.com/webtoon/list?titleId=770068&weekday=tue
열녀박씨 계약결혼뎐,tue,47,https://comic.naver.com/webtoon/list?titleId=761601&weekday=tue
숲속의 담,tue,48,https://comic.naver.com/webtoon/list?titleId=738145&weekday=tue
태시트,tue,49,https://comic.naver.com/webtoon/list?titleId=766966&weekday=tue
오파츠,tue,50,https://comic.naver.com/webtoon/list?titleId=744381&weekday=tue
나의 플랏메이트,tue,51,https://comic.naver.com/webtoon/list?titleId=762073&weekday=tue
그녀석 정복기,tue,52,https://comic.naver.com/webtoon/list?titleId=770477&weekday=tue
연애는 전쟁!,tue,53,https://comic.naver.com/webtoon/list?titleId=765822&weekday=tue
조선홍보대행사 조대박,tue,54,https://comic.naver.com/webtoon/list?titleId=737019&weekday=tue
안식의 밤,tue,55,https://comic.naver.com/webtoon/list?titleId=738483&weekday=tue
대신 심부름을 해다오,tue,56,https://comic.naver.com/webtoon/list?titleId=769551&weekday=tue
자판귀,tue,57,https://comic.naver.com/webtoon/list?titleId=703850&weekday=tue
급식러너,tue,58,https://comic.naver.com/webtoon/list?titleId=770030&weekday=tue
지원이들,tue,59,https://comic.naver.com/webtoon/list?titleId=775337&weekday=tue
언메이크,tue,60,https://comic.naver.com/webtoon/list?titleId=746535&weekday=tue
완벽한 가족,tue,61,https://comic.naver.com/webtoon/list?titleId=752531&weekday=tue
고등매직,tue,62,https://comic.naver.com/webtoon/list?titleId=773085&weekday=tue
프린스 메이커,tue,63,https://comic.naver.com/webtoon/list?titleId=771095&weekday=tue
풋내기들,tue,64,https://comic.naver.com/webtoon/list?titleId=764622&weekday=tue
NG불가,tue,65,https://comic.naver.com/webtoon/list?titleId=774022&weekday=tue
하나in세인,tue,66,https://comic.naver.com/webtoon/list?titleId=769987&weekday=tue
피로만땅,tue,67,https://comic.naver.com/webtoon/list?titleId=758672&weekday=tue
인문학적 감수성,tue,68,https://comic.naver.com/webtoon/list?titleId=759923&weekday=tue
찐:종합게임동아리,tue,69,https://comic.naver.com/webtoon/list?titleId=771018&weekday=tue
헬퍼 2 : 킬베로스,wed,1,https://comic.naver.com/webtoon/list?titleId=670143&weekday=wed
전지적 독자 시점,wed,2,https://comic.naver.com/webtoon/list?titleId=747269&weekday=wed
조조코믹스,wed,3,https://comic.naver.com/webtoon/list?titleId=774862&weekday=wed
모죠의 일지,wed,4,https://comic.naver.com/webtoon/list?titleId=728015&weekday=wed
튜토리얼 탑의 고인물,wed,5,https://comic.naver.com/webtoon/list?titleId=738694&weekday=wed
캐슬,wed,6,https://comic.naver.com/webtoon/list?titleId=736744&weekday=wed
급식아빠,wed,7,https://comic.naver.com/webtoon/list?titleId=758662&weekday=wed
화산귀환,wed,8,https://comic.naver.com/webtoon/list?titleId=769209&weekday=wed
남주의 첫날밤을 가져버렸다,wed,9,https://comic.naver.com/webtoon/list?titleId=749639&weekday=wed
여주실격!,wed,10,https://comic.naver.com/webtoon/list?titleId=738143&weekday=wed
노곤하개,wed,11,https://comic.naver.com/webtoon/list?titleId=702672&weekday=wed
세상은 돈과 권력,wed,12,https://comic.naver.com/webtoon/list?titleId=710747&weekday=wed
블랙홀과 3만원,wed,13,https://comic.naver.com/webtoon/list?titleId=775690&weekday=wed
66666년 만에 환생한 흑마법사,wed,14,https://comic.naver.com/webtoon/list?titleId=775141&weekday=wed
일렉시드,wed,15,https://comic.naver.com/webtoon/list?titleId=717481&weekday=wed
연놈,wed,16,https://comic.naver.com/webtoon/list?titleId=667573&weekday=wed
닥터앤닥터 육아일기,wed,17,https://comic.naver.com/webtoon/list?titleId=732955&weekday=wed
나쁜사람,wed,18,https://comic.naver.com/webtoon/list?titleId=750184&weekday=wed
고삼무쌍,wed,19,https://comic.naver.com/webtoon/list?titleId=728126&weekday=wed
마른 가지에 바람처럼,wed,20,https://comic.naver.com/webtoon/list?titleId=748535&weekday=wed
엔딩 후 서브남을 주웠다,wed,21,https://comic.naver.com/webtoon/list?titleId=761498&weekday=wed
빌드업,wed,22,https://comic.naver.com/webtoon/list?titleId=750826&weekday=wed
괴물공작의 딸,wed,23,https://comic.naver.com/webtoon/list?titleId=765158&weekday=wed
원수를 사랑하라,wed,24,https://comic.naver.com/webtoon/list?titleId=733079&weekday=wed
판타지 여동생!,wed,25,https://comic.naver.com/webtoon/list?titleId=730425&weekday=wed
관종교장,wed,26,https://comic.naver.com/webtoon/list?titleId=774088&weekday=wed
하렘의 남자들,wed,27,https://comic.naver.com/webtoon/list?titleId=760001&weekday=wed
이츠마인,wed,28,https://comic.naver.com/webtoon/list?titleId=710760&weekday=wed
귀곡의 문,wed,29,https://comic.naver.com/webtoon/list?titleId=718020&weekday=wed
언덕 위의 제임스,wed,30,https://comic.naver.com/webtoon/list?titleId=671421&weekday=wed
사상최강,wed,31,https://comic.naver.com/webtoon/list?titleId=748536&weekday=wed
방탈출,wed,32,https://comic.naver.com/webtoon/list?titleId=733034&weekday=wed
오징어도 사랑이 되나요?,wed,33,https://comic.naver.com/webtoon/list?titleId=770524&weekday=wed
아도나이,wed,34,https://comic.naver.com/webtoon/list?titleId=725829&weekday=wed
마녀와 용의 신혼일기,wed,35,https://comic.naver.com/webtoon/list?titleId=755668&weekday=wed
새벽 두 시의 신데렐라,wed,36,https://comic.naver.com/webtoon/list?titleId=752533&weekday=wed
로어 올림푸스,wed,37,https://comic.naver.com/webtoon/list?titleId=750558&weekday=wed
얼굴천재,wed,38,https://comic.naver.com/webtoon/list?titleId=735979&weekday=wed
칼부림,wed,39,https://comic.naver.com/webtoon/list?titleId=602916&weekday=wed
반귀,wed,40,https://comic.naver.com/webtoon/list?titleId=760002&weekday=wed
화가 살리에르,wed,41,https://comic.naver.com/webtoon/list?titleId=777194&weekday=wed
범이올시다!,wed,42,https://comic.naver.com/webtoon/list?titleId=745589&weekday=wed
럭키언럭키,wed,43,https://comic.naver.com/webtoon/list?titleId=736281&weekday=wed
반짝반짝 작은 눈,wed,44,https://comic.naver.com/webtoon/list?titleId=772729&weekday=wed
속보입니다,wed,45,https://comic.naver.com/webtoon/list?titleId=755758&weekday=wed
수요웹툰의 나강림,wed,46,https://comic.naver.com/webtoon/list?titleId=771718&weekday=wed
사랑과 평강의 온달!,wed,47,https://comic.naver.com/webtoon/list?titleId=773187&weekday=wed
무용과 남학생,wed,48,https://comic.naver.com/webtoon/list?titleId=774853&weekday=wed
뱀은 꽃을 먹는가,wed,49,https://comic.naver.com/webtoon/list?titleId=763851&weekday=wed
웰컴 온보드,wed,50,https://comic.naver.com/webtoon/list?titleId=758670&weekday=wed
스캔들,wed,51,https://comic.naver.com/webtoon/list?titleId=751642&weekday=wed
기억흔적,wed,52,https://comic.naver.com/webtoon/list?titleId=739113&weekday=wed
저승사자 출입금지,wed,53,https://comic.naver.com/webtoon/list?titleId=736699&weekday=wed
해귀,wed,54,https://comic.naver.com/webtoon/list?titleId=762786&weekday=wed
구주,wed,55,https://comic.naver.com/webtoon/list?titleId=770844&weekday=wed
천도,wed,56,https://comic.naver.com/webtoon/list?titleId=740481&weekday=wed
수상한 비밀상담부,wed,57,https://comic.naver.com/webtoon/list?titleId=751625&weekday=wed
신선비,wed,58,https://comic.naver.com/webtoon/list?titleId=735254&weekday=wed
나의 계절,wed,59,https://comic.naver.com/webtoon/list?titleId=774039&weekday=wed
내 룸메이트는 마네킹,wed,60,https://comic.naver.com/webtoon/list?titleId=768466&weekday=wed
시효완성,wed,61,https://comic.naver.com/webtoon/list?titleId=756606&weekday=wed
더 복서,thu,1,https://comic.naver.com/webtoon/list?titleId=736989&weekday=thu
연애혁명,thu,2,https://comic.naver.com/webtoon/list?titleId=570503&weekday=thu
기기괴괴,thu,3,https://comic.naver.com/webtoon/list?titleId=557672&weekday=thu
나노마신,thu,4,https://comic.naver.com/webtoon/list?titleId=747271&weekday=thu
이두나!,thu,5,https://comic.naver.com/webtoon/list?titleId=731130&weekday=thu
묵시의 인플루언서,thu,6,https://comic.naver.com/webtoon/list?titleId=775218&weekday=thu
화이트 블러드,thu,7,https://comic.naver.com/webtoon/list?titleId=739503&weekday=thu
포식동물,thu,8,https://comic.naver.com/webtoon/list?titleId=773417&weekday=thu
노답소녀,thu,9,https://comic.naver.com/webtoon/list?titleId=756137&weekday=thu
정글쥬스,thu,10,https://comic.naver.com/webtoon/list?titleId=762279&weekday=thu
겟백,thu,11,https://comic.naver.com/webtoon/list?titleId=727798&weekday=thu
무사만리행,thu,12,https://comic.naver.com/webtoon/list?titleId=746857&weekday=thu
마왕까지 한 걸음,thu,13,https://comic.naver.com/webtoon/list?titleId=776668&weekday=thu
하드캐리,thu,14,https://comic.naver.com/webtoon/list?titleId=710761&weekday=thu
오빠세끼,thu,15,https://comic.naver.com/webtoon/list?titleId=758659&weekday=thu
던전 씹어먹는 아티팩트,thu,16,https://comic.naver.com/webtoon/list?titleId=758439&weekday=thu
트롤트랩,thu,17,https://comic.naver.com/webtoon/list?titleId=701700&weekday=thu
아빠같은 남자,thu,18,https://comic.naver.com/webtoon/list?titleId=774451&weekday=thu
흑막 여주가 날 새엄마로 만들려고 해,thu,19,https://comic.naver.com/webtoon/list?titleId=770523&weekday=thu
신비,thu,20,https://comic.naver.com/webtoon/list?titleId=740487&weekday=thu
쿠베라,thu,21,https://comic.naver.com/webtoon/list?titleId=131385&weekday=thu
최강전설 강해효,thu,22,https://comic.naver.com/webtoon/list?titleId=570506&weekday=thu
별을 삼킨 너에게,thu,23,https://comic.naver.com/webtoon/list?titleId=748831&weekday=thu
선의의 경쟁,thu,24,https://comic.naver.com/webtoon/list?titleId=748069&weekday=thu
뜨거운 양철지붕 위의 고양이,thu,25,https://comic.naver.com/webtoon/list?titleId=777224&weekday=thu
마법사랑해,thu,26,https://comic.naver.com/webtoon/list?titleId=776655&weekday=thu
오늘의 순정망화,thu,27,https://comic.naver.com/webtoon/list?titleId=716857&weekday=thu
완벽한 결혼의 정석,thu,28,https://comic.naver.com/webtoon/list?titleId=775631&weekday=thu
꽃만 키우는데 너무강함,thu,29,https://comic.naver.com/webtoon/list?titleId=741825&weekday=thu
어느날 네가 떠올라!,thu,30,https://comic.naver.com/webtoon/list?titleId=774924&weekday=thu
만물의 영장,thu,31,https://comic.naver.com/webtoon/list?titleId=729964&weekday=thu
안개무덤,thu,32,https://comic.naver.com/webtoon/list?titleId=731930&weekday=thu
수영만화일기,thu,33,https://comic.naver.com/webtoon/list?titleId=768534&weekday=thu
폭탄주먹 변대장,thu,34,https://comic.naver.com/webtoon/list?titleId=776790&weekday=thu
불편한 관계,thu,35,https://comic.naver.com/webtoon/list?titleId=768468&weekday=thu
시에라,thu,36,https://comic.naver.com/webtoon/list?titleId=778707&weekday=thu
시월드 판타지,thu,37,https://comic.naver.com/webtoon/list?titleId=753222&weekday=thu
네가 죽기를 바랄 때가 있었다,thu,38,https://comic.naver.com/webtoon/list?titleId=776542&weekday=thu
마계인섬,thu,39,https://comic.naver.com/webtoon/list?titleId=766503&weekday=thu
로그아웃,thu,40,https://comic.naver.com/webtoon/list?titleId=733033&weekday=thu
롤랑롤랑,thu,41,https://comic.naver.com/webtoon/list?titleId=715935&weekday=thu
달의 요람,thu,42,https://comic.naver.com/webtoon/list?titleId=762035&weekday=thu
"그 개, 만두",thu,43,https://comic.naver.com/webtoon/list?titleId=770015&weekday=thu
그 황제가 시곗바늘을 되돌린 사연,thu,44,https://comic.naver.com/webtoon/list?titleId=765322&weekday=thu
성스러운 아이돌,thu,45,https://comic.naver.com/webtoon/list?titleId=762781&weekday=thu
루커피쳐,thu,46,https://comic.naver.com/webtoon/list?titleId=758678&weekday=thu
길티액스,thu,47,https://comic.naver.com/webtoon/list?titleId=777830&weekday=thu
겟라이프,thu,48,https://comic.naver.com/webtoon/list?titleId=733076&weekday=thu
어차피 남편은!,thu,49,https://comic.naver.com/webtoon/list?titleId=758673&weekday=thu
집사레인저,thu,50,https://comic.naver.com/webtoon/list?titleId=743270&weekday=thu
야만의 시대,thu,51,https://comic.naver.com/webtoon/list?titleId=770873&weekday=thu
소년의 기록,thu,52,https://comic.naver.com/webtoon/list?titleId=771720&weekday=thu
유리와 유리와 유리,thu,53,https://comic.naver.com/webtoon/list?titleId=758661&weekday=thu
돌아온 여기사,thu,54,https://comic.naver.com/webtoon/list?titleId=772691&weekday=thu
온새미로,thu,55,https://comic.naver.com/webtoon/list?titleId=745472&weekday=thu
온실 속 화초,thu,56,https://comic.naver.com/webtoon/list?titleId=769662&weekday=thu
평범한 낙원,thu,57,https://comic.naver.com/webtoon/list?titleId=772192&weekday=thu
혼모노트,thu,58,https://comic.naver.com/webtoon/list?titleId=768471&weekday=thu
카루나,thu,59,https://comic.naver.com/webtoon/list?titleId=754876&weekday=thu
밤하늘에 구름운,thu,60,https://comic.naver.com/webtoon/list?titleId=736274&weekday=thu
멸망X초이스,thu,61,https://comic.naver.com/webtoon/list?titleId=771717&weekday=thu
바른탕진 프로젝트,thu,62,https://comic.naver.com/webtoon/list?titleId=761102&weekday=thu
보물과 괴물의 도시,thu,63,https://comic.naver.com/webtoon/list?titleId=751993&weekday=thu
헬프미,thu,64,https://comic.naver.com/webtoon/list?titleId=759475&weekday=thu
모어 라이프,thu,65,https://comic.naver.com/webtoon/list?titleId=771985&weekday=thu
외모지상주의,fri,1,https://comic.naver.com/webtoon/list?titleId=641253&weekday=fri
갓 오브 하이스쿨,fri,2,https://comic.naver.com/webtoon/list?titleId=318995&weekday=fri
나 혼자 만렙 뉴비,fri,3,https://comic.naver.com/webtoon/list?titleId=773797&weekday=fri
데드퀸,fri,4,https://comic.naver.com/webtoon/list?titleId=753478&weekday=fri
1초,fri,5,https://comic.naver.com/webtoon/list?titleId=725586&weekday=fri
유미의 세포들 외전 : 프로 직장인,fri,6,https://comic.naver.com/webtoon/list?titleId=778153&weekday=fri
죽지 않으려면,fri,7,https://comic.naver.com/webtoon/list?titleId=772764&weekday=fri
개를 낳았다,fri,8,https://comic.naver.com/webtoon/list?titleId=712362&weekday=fri
광마회귀,fri,9,https://comic.naver.com/webtoon/list?titleId=776601&weekday=fri
블랙 위도우,fri,10,https://comic.naver.com/webtoon/list?titleId=775721&weekday=fri
서울역 드루이드,fri,11,https://comic.naver.com/webtoon/list?titleId=773476&weekday=fri
말년용사,fri,12,https://comic.naver.com/webtoon/list?titleId=773916&weekday=fri
식인귀,fri,13,https://comic.naver.com/webtoon/list?titleId=777272&weekday=fri
세기말 풋사과 보습학원,fri,14,https://comic.naver.com/webtoon/list?titleId=761722&weekday=fri
삼국지톡,fri,15,https://comic.naver.com/webtoon/list?titleId=711422&weekday=fri
여성전용헬스장 진달래짐,fri,16,https://comic.naver.com/webtoon/list?titleId=759457&weekday=fri
더 게이머,fri,17,https://comic.naver.com/webtoon/list?titleId=552960&weekday=fri
구남친이 내게 반했다,fri,18,https://comic.naver.com/webtoon/list?titleId=748534&weekday=fri
상남자,fri,19,https://comic.naver.com/webtoon/list?titleId=751168&weekday=fri
플레이어,fri,20,https://comic.naver.com/webtoon/list?titleId=745876&weekday=fri
걸어서 30분,fri,21,https://comic.naver.com/webtoon/list?titleId=700844&weekday=fri
낙향문사전,fri,22,https://comic.naver.com/webtoon/list?titleId=746534&weekday=fri
그들이 사귀는 세상,fri,23,https://comic.naver.com/webtoon/list?titleId=764130&weekday=fri
성경의 역사,fri,24,https://comic.naver.com/webtoon/list?titleId=752402&weekday=fri
히어로 킬러,fri,25,https://comic.naver.com/webtoon/list?titleId=766563&weekday=fri
환상의 용,fri,26,https://comic.naver.com/webtoon/list?titleId=765471&weekday=fri
A.I. 닥터,fri,27,https://comic.naver.com/webtoon/list?titleId=765804&weekday=fri
네버엔딩달링,fri,28,https://comic.naver.com/webtoon/list?titleId=758660&weekday=fri
가슴털 로망스,fri,29,https://comic.naver.com/webtoon/list?titleId=729963&weekday=fri
빨간맛 로맨스,fri,30,https://comic.naver.com/webtoon/list?titleId=776669&weekday=fri
그 기사가 레이디로 사는 법,fri,31,https://comic.naver.com/webtoon/list?titleId=758675&weekday=fri
버그: 스티그마,fri,32,https://comic.naver.com/webtoon/list?titleId=724431&weekday=fri
엽사:요괴사냥꾼,fri,33,https://comic.naver.com/webtoon/list?titleId=769210&weekday=fri
감자마을,fri,34,https://comic.naver.com/webtoon/list?titleId=759418&weekday=fri
여우놀이,fri,35,https://comic.naver.com/webtoon/list?titleId=768469&weekday=fri
역대급 영지 설계사,fri,36,https://comic.naver.com/webtoon/list?titleId=777767&weekday=fri
피와 나비,fri,37,https://comic.naver.com/webtoon/list?titleId=749633&weekday=fri
로판 빙의 만화,fri,38,https://comic.naver.com/webtoon/list?titleId=772020&weekday=fri
인피니티,fri,39,https://comic.naver.com/webtoon/list?titleId=775140&weekday=fri
후덜덜덜 남극전자,fri,40,https://comic.naver.com/webtoon/list?titleId=732036&weekday=fri
닥터 프로스트 시즌 3~4,fri,41,https://comic.naver.com/webtoon/list?titleId=655749&weekday=fri
"주님, 악마가 되게 해주세요!",fri,42,https://comic.naver.com/webtoon/list?titleId=769567&weekday=fri
사람의 조각,fri,43,https://comic.naver.com/webtoon/list?titleId=765821&weekday=fri
거래,fri,44,https://comic.naver.com/webtoon/list?titleId=764022&weekday=fri
너의 미소가 함정,fri,45,https://comic.naver.com/webtoon/list?titleId=741467&weekday=fri
악몽일기,fri,46,https://comic.naver.com/webtoon/list?titleId=766626&weekday=fri
태권보이,fri,47,https://comic.naver.com/webtoon/list?titleId=771330&weekday=fri
킬러방 : 퍼스트 킬,fri,48,https://comic.naver.com/webtoon/list?titleId=769660&weekday=fri
도무지 그애는,fri,49,https://comic.naver.com/webtoon/list?titleId=761496&weekday=fri
몽홀,fri,50,https://comic.naver.com/webtoon/list?titleId=644112&weekday=fri
방과후 선녀,fri,51,https://comic.naver.com/webtoon/list?titleId=761587&weekday=fri
다름이 아니라,fri,52,https://comic.naver.com/webtoon/list?titleId=777853&weekday=fri
아찔한 전남편,fri,53,https://comic.naver.com/webtoon/list?titleId=769747&weekday=fri
썸내일,fri,54,https://comic.naver.com/webtoon/list?titleId=768470&weekday=fri
빨리감기,fri,55,https://comic.naver.com/webtoon/list?titleId=764040&weekday=fri
트럼프,fri,56,https://comic.naver.com/webtoon/list?titleId=524520&weekday=fri
팬시X팬시,fri,57,https://comic.naver.com/webtoon/list?titleId=773475&weekday=fri
백년게임,fri,58,https://comic.naver.com/webtoon/list?titleId=751999&weekday=fri
나쁜 쪽으로,fri,59,https://comic.naver.com/webtoon/list?titleId=739350&weekday=fri
"행운을 빌어요, 용사님!",fri,60,https://comic.naver.com/webtoon/list?titleId=775334&weekday=fri
꽃 피우는 남자,fri,61,https://comic.naver.com/webtoon/list?titleId=764165&weekday=fri
구주의 시간,fri,62,https://comic.naver.com/webtoon/list?titleId=746835&weekday=fri
"찬란하지 않아도 괜찮아, 새벽",fri,63,https://comic.naver.com/webtoon/list?titleId=771011&weekday=fri
진짜 정말 맹세코 좋아해,fri,64,https://comic.naver.com/webtoon/list?titleId=755788&weekday=fri
합법해적 파르페,fri,65,https://comic.naver.com/webtoon/list?titleId=729036&weekday=fri
강림전기 개정기,fri,66,https://comic.naver.com/webtoon/list?titleId=762777&weekday=fri
매지컬 메디컬,fri,67,https://comic.naver.com/webtoon/list?titleId=753806&weekday=fri
도깨비 고개,fri,68,https://comic.naver.com/webtoon/list?titleId=774087&weekday=fri
히트포인트,fri,69,https://comic.naver.com/webtoon/list?titleId=758677&weekday=fri
조조코믹스,sat,1,https://comic.naver.com/webtoon/list?titleId=774862&weekday=sat
호랑이형님,sat,2,https://comic.naver.com/webtoon/list?titleId=650305&weekday=sat
프리드로우,sat,3,https://comic.naver.com/webtoon/list?titleId=597447&weekday=sat
스퍼맨 : 전하지 못한 이야기,sat,4,https://comic.naver.com/webtoon/list?titleId=775723&weekday=sat
모죠의 일지,sat,5,https://comic.naver.com/webtoon/list?titleId=728015&weekday=sat
취사병 전설이 되다,sat,6,https://comic.naver.com/webtoon/list?titleId=727188&weekday=sat
광장,sat,7,https://comic.naver.com/webtoon/list?titleId=753509&weekday=sat
니나의 마법서랍,sat,8,https://comic.naver.com/webtoon/list?titleId=772401&weekday=sat
망나니 소교주로 환생했다,sat,9,https://comic.naver.com/webtoon/list?titleId=773796&weekday=sat
노곤하개,sat,10,https://comic.naver.com/webtoon/list?titleId=702672&weekday=sat
욕망일기,sat,11,https://comic.naver.com/webtoon/list?titleId=762071&weekday=sat
최면학교,sat,12,https://comic.naver.com/webtoon/list?titleId=776656&weekday=sat
힙한남자,sat,13,https://comic.naver.com/webtoon/list?titleId=758619&weekday=sat
나이트런,sat,14,https://comic.naver.com/webtoon/list?titleId=64997&weekday=sat
윌유메리미,sat,15,https://comic.naver.com/webtoon/list?titleId=616239&weekday=sat
청춘 블라썸,sat,16,https://comic.naver.com/webtoon/list?titleId=746834&weekday=sat
나를 바꿔줘,sat,17,https://comic.naver.com/webtoon/list?titleId=733280&weekday=sat
스터디그룹,sat,18,https://comic.naver.com/webtoon/list?titleId=721948&weekday=sat
반드시 해피엔딩,sat,19,https://comic.naver.com/webtoon/list?titleId=769568&weekday=sat
어글리후드,sat,20,https://comic.naver.com/webtoon/list?titleId=703630&weekday=sat
아홉수 우리들,sat,21,https://comic.naver.com/webtoon/list?titleId=724815&weekday=sat
좀비 파이트,sat,22,https://comic.naver.com/webtoon/list?titleId=765157&weekday=sat
피라미드 게임,sat,23,https://comic.naver.com/webtoon/list?titleId=739127&weekday=sat
탑코너,sat,24,https://comic.naver.com/webtoon/list?titleId=732021&weekday=sat
지옥급식,sat,25,https://comic.naver.com/webtoon/list?titleId=762277&weekday=sat
감 비서가 고장났다,sat,26,https://comic.naver.com/webtoon/list?titleId=774706&weekday=sat
메트로헌터,sat,27,https://comic.naver.com/webtoon/list?titleId=774043&weekday=sat
"나태 공자, 노력 천재 되다",sat,28,https://comic.naver.com/webtoon/list?titleId=772853&weekday=sat
은둔코인,sat,29,https://comic.naver.com/webtoon/list?titleId=778284&weekday=sat
태백 : 튜토리얼 맨,sat,30,https://comic.naver.com/webtoon/list?titleId=755559&weekday=sat
공유몽,sat,31,https://comic.naver.com/webtoon/list?titleId=729047&weekday=sat
왕년엔 용사님,sat,32,https://comic.naver.com/webtoon/list?titleId=755744&weekday=sat
지구식 구원자 전형,sat,33,https://comic.naver.com/webtoon/list?titleId=777829&weekday=sat
남편을 만렙으로 키우려 합니다,sat,34,https://comic.naver.com/webtoon/list?titleId=774051&weekday=sat
"나를 길들여 봐, 차비서",sat,35,https://comic.naver.com/webtoon/list?titleId=776134&weekday=sat
단편.zip,sat,36,https://comic.naver.com/webtoon/list?titleId=755581&weekday=sat
먹이,sat,37,https://comic.naver.com/webtoon/list?titleId=724274&weekday=sat
웰캄투실버라이프,sat,38,https://comic.naver.com/webtoon/list?titleId=749456&weekday=sat
남자주인공의 여자사람친구입니다,sat,39,https://comic.naver.com/webtoon/list?titleId=752340&weekday=sat
내게 필요한 NO맨스,sat,40,https://comic.naver.com/webtoon/list?titleId=753975&weekday=sat
같은 학교 친구,sat,41,https://comic.naver.com/webtoon/list?titleId=774832&weekday=sat
군주,sat,42,https://comic.naver.com/webtoon/list?titleId=762236&weekday=sat
왕세자 입학도,sat,43,https://comic.naver.com/webtoon/list?titleId=739411&weekday=sat
중매쟁이 아가 황녀님,sat,44,https://comic.naver.com/webtoon/list?titleId=771065&weekday=sat
"저무는 해, 시린 눈",sat,45,https://comic.naver.com/webtoon/list?titleId=746833&weekday=sat
동네몬스터,sat,46,https://comic.naver.com/webtoon/list?titleId=749054&weekday=sat
율리,sat,47,https://comic.naver.com/webtoon/list?titleId=765470&weekday=sat
압락사스,sat,48,https://comic.naver.com/webtoon/list?titleId=729563&weekday=sat
팔려 온 신부,sat,49,https://comic.naver.com/webtoon/list?titleId=757579&weekday=sat
주욱 같은 하루,sat,50,https://comic.naver.com/webtoon/list?titleId=774300&weekday=sat
키스 식스 센스,sat,51,https://comic.naver.com/webtoon/list?titleId=770964&weekday=sat
오늘부터 천생연분,sat,52,https://comic.naver.com/webtoon/list?titleId=761709&weekday=sat
광해의 연인,sat,53,https://comic.naver.com/webtoon/list?titleId=750582&weekday=sat
더 나우,sat,54,https://comic.naver.com/webtoon/list?titleId=769802&weekday=sat
좋은데 어떡해,sat,55,https://comic.naver.com/webtoon/list?titleId=764951&weekday=sat
모두 너였다,sat,56,https://comic.naver.com/webtoon/list?titleId=764128&weekday=sat
2-3승강장,sat,57,https://comic.naver.com/webtoon/list?titleId=770019&weekday=sat
도사 가온,sat,58,https://comic.naver.com/webtoon/list?titleId=733277&weekday=sat
"안녕, 이바다씨",sat,59,https://comic.naver.com/webtoon/list?titleId=748532&weekday=sat
아가사,sat,60,https://comic.naver.com/webtoon/list?titleId=769193&weekday=sat
후아유!,sat,61,https://comic.naver.com/webtoon/list?titleId=753973&weekday=sat
손 잡아 볼래?,sat,62,https://comic.naver.com/webtoon/list?titleId=756789&weekday=sat
친구의 비밀계정,sat,63,https://comic.naver.com/webtoon/list?titleId=761592&weekday=sat
먹지마세요,sat,64,https://comic.naver.com/webtoon/list?titleId=735078&weekday=sat
아침을 지나 밤으로,sat,65,https://comic.naver.com/webtoon/list?titleId=753304&weekday=sat
인간졸업,sat,66,https://comic.naver.com/webtoon/list?titleId=754780&weekday=sat
함부로 대해줘,sat,67,https://comic.naver.com/webtoon/list?titleId=742782&weekday=sat
싸움독학,sun,1,https://comic.naver.com/webtoon/list?titleId=736277&weekday=sun
수희0(tngmlek0),sun,2,https://comic.naver.com/webtoon/list?titleId=774831&weekday=sun
이번 생도 잘 부탁해,sun,3,https://comic.naver.com/webtoon/list?titleId=746858&weekday=sun
열렙전사,sun,4,https://comic.naver.com/webtoon/list?titleId=670152&weekday=sun
약한영웅,sun,5,https://comic.naver.com/webtoon/list?titleId=710751&weekday=sun
입학용병,sun,6,https://comic.naver.com/webtoon/list?titleId=758150&weekday=sun
투신전생기,sun,7,https://comic.naver.com/webtoon/list?titleId=774044&weekday=sun
어느날 갑자기 서울은,sun,8,https://comic.naver.com/webtoon/list?titleId=776092&weekday=sun
닥터앤닥터 육아일기,sun,9,https://comic.naver.com/webtoon/list?titleId=732955&weekday=sun
소녀재판,sun,10,https://comic.naver.com/webtoon/list?titleId=743838&weekday=sun
"곱게 키웠더니, 짐승",sun,11,https://comic.naver.com/webtoon/list?titleId=761104&weekday=sun
천하제일인,sun,12,https://comic.naver.com/webtoon/list?titleId=751207&weekday=sun
테러대부활,sun,13,https://comic.naver.com/webtoon/list?titleId=761565&weekday=sun
오로지 너를 이기고 싶어,sun,14,https://comic.naver.com/webtoon/list?titleId=730657&weekday=sun
경자 전성시대,sun,15,https://comic.naver.com/webtoon/list?titleId=769658&weekday=sun
나만 보여!,sun,16,https://comic.naver.com/webtoon/list?titleId=763308&weekday=sun
혀로 만난 사이,sun,17,https://comic.naver.com/webtoon/list?titleId=775725&weekday=sun
살아남은 로맨스,sun,18,https://comic.naver.com/webtoon/list?titleId=764129&weekday=sun
천치전능,sun,19,https://comic.naver.com/webtoon/list?titleId=768473&weekday=sun
내일,sun,20,https://comic.naver.com/webtoon/list?titleId=695796&weekday=sun
마법스크롤 상인 지오,sun,21,https://comic.naver.com/webtoon/list?titleId=655746&weekday=sun
별이삼샵,sun,22,https://comic.naver.com/webtoon/list?titleId=737628&weekday=sun
판사 이한영,sun,23,https://comic.naver.com/webtoon/list?titleId=759567&weekday=sun
사실 마법이었던 거임,sun,24,https://comic.naver.com/webtoon/list?titleId=774865&weekday=sun
구름이 피워낸 꽃,sun,25,https://comic.naver.com/webtoon/list?titleId=727476&weekday=sun
벚꽃이 흩날릴 무렵,sun,26,https://comic.naver.com/webtoon/list?titleId=755982&weekday=sun
예쁜 사나이,sun,27,https://comic.naver.com/webtoon/list?titleId=775657&weekday=sun
AI가 세상을 지배한다면,sun,28,https://comic.naver.com/webtoon/list?titleId=755674&weekday=sun
로어 올림푸스,sun,29,https://comic.naver.com/webtoon/list?titleId=750558&weekday=sun
불순물,sun,30,https://comic.naver.com/webtoon/list?titleId=771910&weekday=sun
강남도깨비,sun,31,https://comic.naver.com/webtoon/list?titleId=733728&weekday=sun
학교정벌,sun,32,https://comic.naver.com/webtoon/list?titleId=739097&weekday=sun
짝사랑의 유서,sun,33,https://comic.naver.com/webtoon/list?titleId=776096&weekday=sun
생존로그,sun,34,https://comic.naver.com/webtoon/list?titleId=773027&weekday=sun
동생친구,sun,35,https://comic.naver.com/webtoon/list?titleId=767874&weekday=sun
평행도시,sun,36,https://comic.naver.com/webtoon/list?titleId=730607&weekday=sun
아르세니아의 마법사,sun,37,https://comic.naver.com/webtoon/list?titleId=741458&weekday=sun
취향 소개소,sun,38,https://comic.naver.com/webtoon/list?titleId=777222&weekday=sun
전설의 화석,sun,39,https://comic.naver.com/webtoon/list?titleId=773473&weekday=sun
거래하실래요?,sun,40,https://comic.naver.com/webtoon/list?titleId=773524&weekday=sun
결혼까지 망상했어!,sun,41,https://comic.naver.com/webtoon/list?titleId=761599&weekday=sun
잉여특공대,sun,42,https://comic.naver.com/webtoon/list?titleId=740387&weekday=sun
황제에게 하트를 심어주세요,sun,43,https://comic.naver.com/webtoon/list?titleId=775318&weekday=sun
사람은 고쳐 쓰는 게 아니야!,sun,44,https://comic.naver.com/webtoon/list?titleId=758664&weekday=sun
다시 또 봄,sun,45,https://comic.naver.com/webtoon/list?titleId=777221&weekday=sun
데빌샷,sun,46,https://comic.naver.com/webtoon/list?titleId=753842&weekday=sun
독신마법사 기숙아파트,sun,47,https://comic.naver.com/webtoon/list?titleId=776143&weekday=sun
굿 리스너,sun,48,https://comic.naver.com/webtoon/list?titleId=771933&weekday=sun
가짜인간,sun,49,https://comic.naver.com/webtoon/list?titleId=766504&weekday=sun
조선여우스캔들,sun,50,https://comic.naver.com/webtoon/list?titleId=758676&weekday=sun
"라커, 오프너",sun,51,https://comic.naver.com/webtoon/list?titleId=761514&weekday=sun
소녀 해미,sun,52,https://comic.naver.com/webtoon/list?titleId=745409&weekday=sun
위험한 신입사원,sun,53,https://comic.naver.com/webtoon/list?titleId=729883&weekday=sun
오늘 밤만 재워줘,sun,54,https://comic.naver.com/webtoon/list?titleId=759641&weekday=sun
호수의 인어,sun,55,https://comic.naver.com/webtoon/list?titleId=771719&weekday=sun
제타,sun,56,https://comic.naver.com/webtoon/list?titleId=773067&weekday=sun
푸른불꽃,sun,57,https://comic.naver.com/webtoon/list?titleId=768467&weekday=sun
데이즈,sun,58,https://comic.naver.com/webtoon/list?titleId=752462&weekday=sun
샤인 스타,sun,59,https://comic.naver.com/webtoon/list?titleId=758665&weekday=sun
호시탐탐,sun,60,https://comic.naver.com/webtoon/list?titleId=758145&weekday=sun
합격시켜주세용,sun,61,https://comic.naver.com/webtoon/list?titleId=728128&weekday=sun
