name;1순위 추천;2순위 추천;3순위 추천;4순위 추천;5순위 추천
신의 탑;'열렙전사'; '갓 오브 하이스쿨'; '링크보이'; '그 판타지 세계에서 사는 법'; '노블레스'
뷰티풀 군바리;'사이드킥 2~3'; '소녀더와일즈'; '2호선 세입자'; '모태솔로수용소';
윈드브레이커;'프리드로우'; '모디파이'; '그린보이'; '리턴';
백수세끼;'밥 먹고 갈래요?'; '공복의 저녁식사'; '야채호빵의 봄방학'; '역전! 야매요리';
소녀의 세계;'연애혁명'; '연놈'; '외모지상주의'; '공복의 저녁식사'; '달수 이야기'
파이게임;'금요일 베스트'; '머니게임';;;
앵무살수;'고수';;;;
삼매경;'이제 곧 죽습니다';;;;
유일무이 로맨스;'성공한 덕후'; '오늘도 사랑스럽개'; '스피릿 핑거스';;
칼가는 소녀;'연애혁명'; '연놈'; '여신강림'; '소녀의 세계'; '프리드로우'
히어로메이커;'마법스크롤 상인 지오'; '호랭총각'; '심심한 마왕';;
리턴 투 플레이어;'전지적 독자 시점'; '튜토리얼 탑의 고인물'; '열렙전사'; '플레이어';
물어보는 사이;'이번 생도 잘 부탁해'; '우리 오빠는 아이돌'; '오늘도 사랑스럽개';;
약초마을 연쇄살초사건;'감자마을';;;;
평범한 8반;'버프소녀 오오라'; '코끼리를 끌어안는 방법';;;
아는 여자애;'이상하고 아름다운'; '플로우';;;
순정말고 순종;'늑대와 빨간모자';;;;
최후의 금빛아이;'겟백'; '어글리후드'; '도롱이';;
야생천사 보호구역;'걸어서 30분'; '냐한남자'; '호러와 로맨스'; '허니버니';
와이키키 뱀파이어;'화이트 블러드'; '견우와 선녀'; '내일';;
착한건 돈이된다;'파이게임'; '머니게임'; '손의 흔적';;
이중첩자;'마른 가지에 바람처럼'; '재혼 황후';;;
백호랑;'도롱이';;;;
중독연구소;'닥터 프로스트 시즌 3~4'; '동네변호사 조들호 시즌2';;;
드로잉 레시피;'웰캄투실버라이프'; '모퉁이 뜨개방'; '찬란하지 않아도 괜찮아'; '홍차리브레'; '오늘도 핸드메이드!'
살아간다;'더 복서'; '가비지타임'; '금붕어'; '라스트 서브미션';
바로 보지 않는;'하나in세인'; '소녀의 세계'; '아홉수 우리들'; '[드라마원작] 알고있지만';
모락모락 왕세자님;'금혼령-조선혼인금지령'; '갓도령스'; '이계 무슨 황비';;
사막에 핀 달;'푸른사막 아아루';;;;
여신강림;'연애혁명'; '[드라마원작] 유미의 세포들';;;
용사가 돌아왔다;'학교정벌';;;;
엽총소년;'[드라마원작] 스위트홈'; '후레자식';;;
한림체육관;'부활남';;;;
하루만 네가 되고 싶어;'겟백'; '칼가는 소녀'; '구름이 피워낸 꽃'; '재혼 황후';
사신소년;'신의 탑'; '갓 오브 하이스쿨';;;
중증외상센터 : 골든 아워;'A.I. 닥터';;;;
덴큐;'덴마'; '플루타크 영웅전';;;
니나의 마법서랍;'가담항설'; 'SM 플레이어'; '악당의 사연'; '요리대마왕'; '야! 오이'
집이 없어;'오늘의 순정망화'; '귀곡의 문'; '냐한남자'; '냥하무인';
오피스 누나 이야기;'얌전한 사이';;;;
원주민 공포만화;'기기괴괴'; '마음의소리'; '갸오오와 사랑꾼들'; '차원이 다른 만화';
삼국지톡;'조선왕조실톡';;;;
몬스터;'셧업앤댄스';;;;
윌유메리미;'Penguin loves Mev'; '낢이사는이야기'; '아프니까 병원이다'; '아랫집 시누이'; '달콤한 인생'
위아더좀비;'좀비딸';;;;
하우스키퍼;'테러대부활'; '테러맨'; '부활남'; '신석기녀'; '캉타우'
이상형은 아닙니다;'별을 삼킨 너에게'; '급식아빠'; '오늘부터 천생연분'; '좋은데 어떡해'; '그들이 사귀는 세상'
기계증식증;'현혹'; '플라워(FLOWAR)';;;
플레이, 플리;'유일무이 로맨스'; '[드라마원작] 간 떨어지는 동거'; '그래서 나는 안티팬과 결혼했다';;
3cm 헌터;'열렙전사'; '취사병 전설이 되다'; '더 게이머';;
성인초딩;'백수세끼'; '맘마미안';;;
정년이;'아홉수 우리들'; '지금 이 순간 마법처럼'; '낮에 뜨는 달'; '녹두전';
은주의 방 2~3부;'서북의 저승사자'; '날로 먹는 연애'; '공주는 잠 못 이루고';;
올가미;'이츠마인'; '교환일기'; '친애하는 X'; '악취';
악인;'손아귀'; '노력의 결과'; '운수 오진 날'; '타인은 지옥이다';
나는 어디에나 있다;'후유증 2'; '후유증';;;
나타나주세요!;'연애혁명';;;;
열녀박씨 계약결혼뎐;'달콤살벌한 부부'; '구남친이 내게 반했다'; '광해의 연인';;
숲속의 담;'야채호빵의 봄방학'; '구름의 이동속도'; '파도의 주인';;
태시트;'트리거';;;;
오파츠;'일렉시드'; '신의 탑'; '알파'; '노블레스';
그녀석 정복기;'결혼까지 망상했어!'; '샤인 스타'; '오로지 너를 이기고 싶어'; '청춘 블라썸'; '각자의 디데이'
연애는 전쟁!;'연애혁명'; '소녀의 세계';;;
조선홍보대행사 조대박;'생활의참견'; '아이소포스 3부'; '아이소포스 1; 2부';
안식의 밤;'아도나이'; '하슬라'; '머니게임'; '피에는 피';
대신 심부름을 해다오;'마음의 숙제'; '어서와';;;
자판귀;'기기괴괴'; '내일';;;
급식러너;'하드캐리'; '판타지 여동생!'; '공유몽'; '플레이어';
언메이크;'안개무덤'; '트롤트랩'; '[드라마원작] 스위트홈';;
고등매직;'오늘의 순정망화'; '모죠의 일지'; '감자마을'; '갓핑크';
풋내기들;'이두나!'; '유일무이 로맨스'; '[드라마원작] 간 떨어지는 동거'; '치즈인더트랩';
NG불가;'밤하늘에 구름운'; '이번 생도 잘 부탁해'; '구름이 피워낸 꽃'; '광해의 연인'; '금혼령-조선혼인금지령'
하나in세인;'선의의 경쟁'; '나쁜 쪽으로';;;
찐:종합게임동아리;'이두나!';;;;
전지적 독자 시점;'꽃만 키우는데 너무강함'; '튜토리얼 탑의 고인물'; '아르세니아의 마법사';;
모죠의 일지;'노곤하개'; '대학일기'; '선천적 얼간이들'; '오빠 왔다';
튜토리얼 탑의 고인물;'3cm 헌터';;;;
화산귀환;'나노마신'; '앵무살수'; '장씨세가 호위무사'; '낙향문사전'; '고수'
여주실격!;'여신강림'; '화장 지워주는 남자'; '내 ID는 강남미인!';;
세상은 돈과 권력;'킬더킹'; '하르모니아'; '신석기녀'; '신암행어사'; '심연의 하늘 시즌5'
블랙홀과 3만원;'쌉니다 천리마마트'; '입시명문사립 정글고등학교';;;
연놈;'연애혁명'; '소녀의 세계'; '프리드로우'; '공복의 저녁식사'; '스피릿 핑거스'
마른 가지에 바람처럼;'하루만 네가 되고 싶어'; '재혼 황후';;;
엔딩 후 서브남을 주웠다;'마녀와 용의 신혼일기'; '남주의 첫날밤을 가져버렸다'; '곱게 키웠더니, 짐승';;
판타지 여동생!;'열렙전사'; '전자오락수호대';;;
관종교장;'고등매직'; '가슴털 로망스'; '사장님을 잠금해제';;
하렘의 남자들;'재혼 황후';;;;
귀곡의 문;'이런 영웅은 싫어';;;;
언덕 위의 제임스;'203호 저승사자'; '갸오오와 사랑꾼들';;;
사상최강;'무사만리행'; '캐슬';;;
방탈출;'머니게임'; '군인RPG';;;
오징어도 사랑이 되나요?;'용왕님의 셰프가 되었습니다'; '야생천사 보호구역'; '인어를 위한 수영교실'; '[드라마원작] 유미의 세포들';
아도나이;'비질란테'; '조의 영역'; '귀도';;
마녀와 용의 신혼일기;'엔딩 후 서브남을 주웠다'; '남주의 첫날밤을 가져버렸다'; '곱게 키웠더니, 짐승';;
얼굴천재;'외모지상주의';;;;
칼부림;'몽홀'; '동토의 여명'; '시노딕';;
반귀;'귀각시';;;;
범이올시다!;'노곤하개'; '용이산다';;;
럭키언럭키;'어글리후드'; '가담항설'; '좀비딸';;
수요웹툰의 나강림;'랜덤채팅의 그녀!'; '강남도깨비'; '두근두근 연극부';;
저승사자 출입금지;'사신소년'; '내일'; '귀전구담';;
해귀;'쿠베라'; '난약'; '뫼신 사냥꾼';;
구주;'선의의 경쟁'; '하나in세인'; '나쁜 쪽으로';;
신선비;'[드라마원작] 간 떨어지는 동거'; '점핑오버';;;
내 룸메이트는 마네킹;'루커피쳐'; '노답소녀'; '풋내기들'; '바른연애 길잡이';
연애혁명;'소녀의 세계'; '공복의 저녁식사'; '오!주예수여'; '달수 이야기';
기기괴괴;'체크포인트'; '하이브 3'; '투명한 동거';;
나노마신;'무사만리행'; '튜토리얼 탑의 고인물'; '장씨세가 호위무사'; '낙향문사전';
묵시의 인플루언서;'기기괴괴'; '행성인간'; '살人스타그램'; '관계의 종말'; '조의 영역'
노답소녀;'소녀의 세계'; '바른연애 길잡이'; '하나의 하루'; '오렌지 마말레이드';
정글쥬스;'하우스키퍼'; '한림체육관'; '테러대부활'; '테러맨'; '부활남'
겟백;'여주실격!'; '칼가는 소녀'; '어글리후드'; '[드라마원작] 스위트홈';
무사만리행;'캐슬'; '금붕어';;;
흑막 여주가 날 새엄마로 만들려고 해;'엔딩 후 서브남을 주웠다'; '남주의 첫날밤을 가져버렸다'; '재혼 황후';;
쿠베라;'나이트런'; '그 판타지 세계에서 사는 법'; '이런 영웅은 싫어'; '크리퍼스큘'; '언더프린'
최강전설 강해효;'대가리'; '돌아온 럭키짱';;;
별을 삼킨 너에게;'원수를 사랑하라'; '여신강림'; '이번 생도 잘 부탁해';;
선의의 경쟁;'세상은 돈과 권력'; '스터디그룹'; '일진이 사나워';;
뜨거운 양철지붕 위의 고양이;'선의의 경쟁'; '하나in세인'; '나쁜 쪽으로';;
마법사랑해;'그녀는 무사다'; '금붕어'; 'MZ-레이징 인페르노'; 'MZ-퓨어 이블'; 'MZ'
완벽한 결혼의 정석;'반드시 해피엔딩'; '주님; 악마가 되게 해주세요!';;
꽃만 키우는데 너무강함;'만물의 영장'; '취사병 전설이 되다';;;
어느날 네가 떠올라!;'무용과 남학생'; '유일무이 로맨스'; '아는 여자애'; '같은 학교 친구'; '각자의 디데이'
안개무덤;'압락사스'; '[드라마원작] 스위트홈'; '돼지우리'; '타인은 지옥이다';
폭탄주먹 변대장;'팀 피닉스';;;;
불편한 관계;'달콤살벌한 부부'; '이번 생도 잘 부탁해'; '[드라마원작] 간 떨어지는 동거'; '꿀벌과 아카시아';
시에라;'그 황제가 시곗바늘을 되돌린 사연'; '마른 가지에 바람처럼';;;
마계인섬;'귀곡의 문'; '집이 없어'; '용이산다';;
롤랑롤랑;'노곤하개'; '개를 낳았다'; '환생동물학교'; '인챈트-나람이야기';
그 개, 만두;'야생천사 보호구역'; '좀비딸';;;
그 황제가 시곗바늘을 되돌린 사연;'마른 가지에 바람처럼';;;;
길티액스;'트롤트랩'; '플레이어'; '로베스의 완전감각';;
겟라이프;'사신소년'; '갓 오브 하이스쿨'; '사이드킥 2~3'; '로베스의 완전감각'; '노블레스'
집사레인저;'좀비딸';;;;
야만의 시대;'죽지 않으려면'; '사람의 조각'; '사이드킥 2~3'; '사이드킥';
유리와 유리와 유리;'원수를 사랑하라'; '바른연애 길잡이'; '옆반의 인어';;
온새미로;'밤하늘에 구름운'; '골든 체인지';;;
평범한 낙원;'기기괴괴'; '기억흔적'; '2-3승강장'; '악몽일기';
혼모노트;'정글쥬스'; '사신소년'; '만렙돌파'; '태백 : 튜토리얼 맨';
밤하늘에 구름운;'가타부타타'; '만찢남녀';;;
보물과 괴물의 도시;'럭키언럭키'; '오른눈이 보는 세계'; 'Doll 체인지';;
모어 라이프;'이번 생도 잘 부탁해'; '맘마미안';;;
외모지상주의;'연애혁명'; '복학왕'; '언원티드';;
갓 오브 하이스쿨;'소녀더와일즈'; '격투기특성화사립고교 극지고'; '폭풍의 전학생'; '쎈놈';
나 혼자 만렙 뉴비;'전지적 독자 시점'; '튜토리얼 탑의 고인물'; '만렙돌파'; '플레이어'; '리턴 투 플레이어'
데드퀸;'개장수'; '하이브 3'; '하이브 1~2';;
1초;'죽음에 관하여';;;;
유미의 세포들 외전 : 프로 직장인;'조조코믹스'; '[드라마원작] 유미의 세포들';;;
죽지 않으려면;'야만의 시대'; '데드라이프';;;
개를 낳았다;'노곤하개'; '자판귀'; '대학일기'; '환생동물학교';
광마회귀;'화산귀환'; '앵무살수'; '고수';;
서울역 드루이드;'전지적 독자 시점'; '만렙돌파'; '리턴 투 플레이어';;
세기말 풋사과 보습학원;'치즈인더트랩';;;;
여성전용헬스장 진달래짐;'수영만화일기'; '독립일기'; '모죠의 일지';;
더 게이머;'열렙전사'; '다이스(DICE)'; '덴마';;
구남친이 내게 반했다;'이번 생도 잘 부탁해'; '동트는 로맨스'; '홍시는 날 좋아해!';;
플레이어;'더 복서'; '랜덤채팅의 그녀!'; '갓 오브 하이스쿨';;
걸어서 30분;'같은 학교 친구';;;;
낙향문사전;'장씨세가 호위무사'; '마루한 - 구현동화전';;;
성경의 역사;'찌질의 역사';;;;
히어로 킬러;'일렉시드'; '빌런투킬'; '약한영웅';;
A.I. 닥터;'중증외상센터 : 골든 아워';;;;
버그: 스티그마;'일렉시드'; '링크보이'; '이제 곧 죽습니다';;
엽사:요괴사냥꾼;'화산귀환'; '백년게임'; '낙향문사전'; '뫼신 사냥꾼'; '고수'
감자마을;'약초마을 연쇄살초사건'; '닭강정';;;
여우놀이;'연애혁명'; '여신강림'; '소녀의 세계'; '칼가는 소녀';
후덜덜덜 남극전자;'만물의 영장'; '마음의소리'; '가우스전자 시즌3~4'; '가우스전자 시즌1~2';
닥터 프로스트 시즌 3~4;'구독금지'; '인간의 온도'; '위대한 방옥숙'; '열등의 조건'; '닥터 프로스트 시즌 1~2'
사람의 조각;'언데드'; '사이드킥 2~3'; '데드라이프'; '돼지우리'; '퍼스트 미션'
거래;'악인'; '환상의 용'; '당신의 과녁'; '운수 오진 날'; '머니게임'
악몽일기;'기기괴괴'; '원주민 공포만화'; '신상 미스터리 극장';;
태권보이;'빌드업'; '빅맨'; '윈드브레이커'; '탑코너'; '가비지타임'
몽홀;'칼부림'; '아이소포스 1; 2부';;
방과후 선녀;'견우와 선녀'; '내일';;;
아찔한 전남편;'달콤살벌한 부부'; '구남친이 내게 반했다';;;
썸내일;'여주실격!'; '하루만 네가 되고 싶어'; '나를 바꿔줘';;
빨리감기;'오버더문';;;;
트럼프;'신의 탑'; '노블레스'; '소녀더와일즈'; '천년구미호'; '언더프린'
팬시X팬시;'원수를 사랑하라'; '바른연애 길잡이';;;
백년게임;'소울카르텔'; '테제';;;
나쁜 쪽으로;'겟백'; '정년이'; '하루만 네가 되고 싶어'; '칼가는 소녀';
꽃 피우는 남자;'열불 로맨스';;;;
찬란하지 않아도 괜찮아, 새벽;'찬란하지 않아도 괜찮아';;;;
합법해적 파르페;'귀곡의 문'; '합격시켜주세용'; '이런 영웅은 싫어';;
매지컬 메디컬;'오늘도 사랑스럽개'; '내 ID는 강남미인!';;;
도깨비 고개;'숲속의 담'; '신시의 손님'; '고고루키루';;
호랑이형님;'몽홀'; '크레이터'; '일사부재리';;
프리드로우;'연애혁명'; '외모지상주의'; '복학왕'; '대가리'; '서북의 저승사자'
취사병 전설이 되다;'열렙전사'; '더 게이머'; '다이스(DICE)'; '니편내편';
망나니 소교주로 환생했다;'무사만리행'; '나노마신'; '앵무살수'; '낙향문사전'; '고수'
최면학교;'랜덤채팅의 그녀!'; '이말년씨리즈 2018'; '갸오오와 사랑꾼들'; '이말년씨리즈';
힙한남자;'[드라마원작] 유미의 세포들'; '구구까까'; '철벽! 연애 시뮬레이션';;
나이트런;'헬퍼'; '개판'; '번개기동대 2009';;
나를 바꿔줘;'여신강림'; '외모지상주의'; '마스크걸'; '내 ID는 강남미인!';
스터디그룹;'최강전설 강해효'; '세상은 돈과 권력'; '갓 오브 하이스쿨';;
아홉수 우리들;'[드라마원작] 유미의 세포들'; '좋아하는 부분'; '아는사람 이야기';;
좀비 파이트;'약한영웅'; '검은인간';;;
탑코너;'파도를 찾아라!';;;;
지옥급식;'더 복서'; '고삼무쌍'; '싸움독학'; '스터디그룹'; '격기3반'
메트로헌터;'트롤트랩'; '전지적 독자 시점'; '신도림'; '링크보이';
은둔코인;'갓물주'; '금수저';;;
공유몽;'트롤트랩'; '사신소년'; '열렙전사'; '요괴대전';
지구식 구원자 전형;'튜토리얼 탑의 고인물'; '신의 탑'; '투신전생기'; '나 혼자 만렙 뉴비';
남편을 만렙으로 키우려 합니다;'그 황제가 시곗바늘을 되돌린 사연'; '흑막 여주가 날 새엄마로 만들려고 해'; '엔딩 후 서브남을 주웠다'; '황제와의 하룻밤'; '곱게 키웠더니, 짐승'
나를 길들여 봐, 차비서;'선배; 그 립스틱 바르지 마요'; '키스 식스 센스'; '감 비서가 고장났다';
단편.zip;'2019 루키 단편선-지옥캠프'; '2018 루키 단편선-지옥캠프'; '연의 편지'; '2017 루키 단편선-지옥캠프';
남자주인공의 여자사람친구입니다;'남주의 첫날밤을 가져버렸다';;;;
내게 필요한 NO맨스;'오늘의 순정망화'; '남주의 첫날밤을 가져버렸다'; '청춘 블라썸'; '동트는 로맨스';
왕세자 입학도;'정년이'; '구름이 피워낸 꽃'; '도롱이'; '가담항설';
저무는 해, 시린 눈;'하루만 네가 되고 싶어'; '재혼 황후';;;
동네몬스터;'약한영웅'; '경비 배두만'; '니편내편';;
키스 식스 센스;'선배; 그 립스틱 바르지 마요'; '이번 생도 잘 부탁해'; '손 잡아 볼래?';
좋은데 어떡해;'유일무이 로맨스'; '오늘 밤만 재워줘'; '걸어서 30분'; '청춘 블라썸'; '바른연애 길잡이'
모두 너였다;'나의 우주';;;;
2-3승강장;'운수 오진 날'; '어글리 피플즈'; '타인은 지옥이다';;
도사 가온;'히어로메이커'; '고수'; '심심한 마왕'; '강시대소동';
안녕, 이바다씨;'허니허니 웨딩';;;;
아가사;'하렘의 남자들'; '하루만 네가 되고 싶어'; '재혼 황후';;
친구의 비밀계정;'선의의 경쟁'; '피라미드 게임'; '나쁜 쪽으로';;
먹지마세요;'귀곡의 문'; '트럼프'; '이런 영웅은 싫어';;
아침을 지나 밤으로;'겟백'; '제로게임'; '칼가는 소녀';;
이번 생도 잘 부탁해;'오늘도 사랑스럽개'; '레코닝'; '신령';;
열렙전사;'마법스크롤 상인 지오'; '갓 오브 하이스쿨'; '고수'; '덴마'; '3P'
입학용병;'일렉시드'; '오파츠'; '노블레스';;
투신전생기;'전지적 독자 시점'; '신의 탑'; '갓 오브 하이스쿨';;
어느날 갑자기 서울은;'묵시의 인플루언서'; '포식동물'; '엽총소년'; '데드퀸'; '사람의 조각'
곱게 키웠더니, 짐승;'흑막 여주가 날 새엄마로 만들려고 해'; '엔딩 후 서브남을 주웠다'; '남주의 첫날밤을 가져버렸다'; '황제와의 하룻밤'; '사람은 고쳐 쓰는 게 아니야!'
테러대부활;'하우스키퍼'; '한림체육관'; '테러맨'; '부활남'; '신석기녀'
오로지 너를 이기고 싶어;'같은 학교 친구';;;;
경자 전성시대;'연애의 정령';;;;
살아남은 로맨스;'여주실격!'; '어글리후드'; '화장 지워주는 남자';;
천치전능;'엽총소년'; '[드라마원작] 스위트홈'; '돼지우리'; '후레자식';
마법스크롤 상인 지오;'팀 피닉스'; '오!주예수여'; '고고고';;
별이삼샵;'죽음에 관하여'; '남과 여'; '네가 없는 세상';;
판사 이한영;'취사병 전설이 되다'; '비질란테';;;
사실 마법이었던 거임;'언덕 위의 제임스'; '경자 전성시대'; '사장님을 잠금해제';;
예쁜 사나이;'복학생 정순이'; '교환일기';;;
AI가 세상을 지배한다면;'기기괴괴'; '레사 시즌2~3'; 'POGO 공포단편선 - 혼집';;
불순물;'거래'; '타인은 지옥이다'; '대작';;
강남도깨비;'갓 오브 하이스쿨'; '언데드'; '데드라이프'; '[드라마원작] 스위트홈';
학교정벌;'열렙전사'; '사이드킥 2~3'; '신을 죽이는 방법';;
짝사랑의 유서;'유리와 유리와 유리'; '사랑과 평강의 온달!'; '동생친구'; '좋은데 어떡해'; '좋아하는 부분'
평행도시;'언데드'; '데드라이프';;;
취향 소개소;'인어를 위한 수영교실'; '소심한 팔레트'; '머리카락을 뽑으면'; '오늘도 핸드메이드!';
거래하실래요?;'결혼까지 망상했어!'; '힙한남자'; '라일락 200%'; '각자의 디데이'; '참새는 새!신부'
결혼까지 망상했어!;'연놈'; '청춘 블라썸'; '각자의 디데이'; '인어를 위한 수영교실';
잉여특공대;'연애혁명';;;;
다시 또 봄;'웰캄투실버라이프'; '저세상 클라스!'; '같은도장'; '참치와 돌고래';
굿 리스너;'진눈깨비 소년'; '길에서 만나다';;;
가짜인간;'아도나이'; '기억흔적'; '킬링타임';;
조선여우스캔들;'팔려 온 신부'; '자취방 신선들'; '금혼령-조선혼인금지령';;
소녀 해미;'더 복서'; '1초'; '이제 곧 죽습니다'; '돼지우리'; '악취'
위험한 신입사원;'첫사랑입니다만'; '대표님이 구독하셨습니다'; '두근두근 마감 중'; '우리 오빠는 아이돌';
오늘 밤만 재워줘;'속보입니다'; '원하는 건 너 하나'; '후아유!'; '손 잡아 볼래?';
호수의 인어;'인어를 위한 수영교실'; '옆반의 인어'; '연의 편지';;
제타;'AI가 세상을 지배한다면';;;;
푸른불꽃;'급식아빠'; '악인'; '참교육'; '왕따협상';
호시탐탐;'오늘도 사랑스럽개'; '바로잡는 순애보';;;
합격시켜주세용;'무주의 맹시'; '용이산다'; '슈퍼 시크릿';;
